url,metadata_reference
http://vkorg.webservis.ru/,https://raw.githubusercontent.com/openphish/public_feed/refs/heads/main/feed.txt
http://lunero.shop/app/auth/en/BILLING/page/online.php,https://raw.githubusercontent.com/openphish/public_feed/refs/heads/main/feed.txt
http://lunero.shop/app/auth/en/BILLING,https://raw.githubusercontent.com/openphish/public_feed/refs/heads/main/feed.txt
http://www.instagram.dlscomunicacao.com.br/,https://raw.githubusercontent.com/openphish/public_feed/refs/heads/main/feed.txt
http://faqs-coinbase-sign-in.wstd.io/,https://raw.githubusercontent.com/openphish/public_feed/refs/heads/main/feed.txt
https://s93y.xyz/,https://raw.githubusercontent.com/openphish/public_feed/refs/heads/main/feed.txt
http://coiinbaseeprologinn.wstd.io/,https://raw.githubusercontent.com/openphish/public_feed/refs/heads/main/feed.txt
https://public-coinbase-pro-cdn.wstd.io/,https://raw.githubusercontent.com/openphish/public_feed/refs/heads/main/feed.txt
https://hs4f7.gobookroom.com/,https://raw.githubusercontent.com/openphish/public_feed/refs/heads/main/feed.txt
https://kinnectcs.pages.dev/windstream%20_%20login_files/alpine.js.download/,https://raw.githubusercontent.com/openphish/public_feed/refs/heads/main/feed.txt
https://lmoriw-iekascma-oqmmcq-213-cmakwe-fgacsax.pages.dev/uadmin/bower_components/bootstrap/docs/4.0/examples/internals/API/NavigationDocument.class.php/,https://raw.githubusercontent.com/openphish/public_feed/refs/heads/main/feed.txt
https://web-mobi.standard.us-east-1.oortstorages.com/fitsal.cvz?eta=3mail@a.b.c0/,https://raw.githubusercontent.com/openphish/public_feed/refs/heads/main/feed.txt
https://dsjeqk1.pages.dev/gp/video/detail/B0DZ8NYK6L/ref=atv_dp_amz_c_Kby9wP_3_4?jic=8%7CEgNhbGw=/,https://raw.githubusercontent.com/openphish/public_feed/refs/heads/main/feed.txt
https://uk.paying-dk.vip/i/,https://raw.githubusercontent.com/openphish/public_feed/refs/heads/main/feed.txt
https://lmoriw-iekascma-oqmmcq-213-cmakwe-fgacsax.pages.dev/BelSimpel.html/,https://raw.githubusercontent.com/openphish/public_feed/refs/heads/main/feed.txt
https://www.5511500.com/,https://raw.githubusercontent.com/openphish/public_feed/refs/heads/main/feed.txt
http://bananbrain.com/egu?token=3mail@a.b.c0&sub1=cdgr,https://raw.githubusercontent.com/openphish/public_feed/refs/heads/main/feed.txt
https://5511577.com/,https://raw.githubusercontent.com/openphish/public_feed/refs/heads/main/feed.txt
http://en-liveledgr-auth.pages.dev/,https://raw.githubusercontent.com/openphish/public_feed/refs/heads/main/feed.txt
https://bananbrain.com/aavfpx?token=3mail@a.b.c0&sub1=dewc/,https://raw.githubusercontent.com/openphish/public_feed/refs/heads/main/feed.txt
https://uudelleenohjaus-omakanta.click/,https://raw.githubusercontent.com/openphish/public_feed/refs/heads/main/feed.txt
https://vfsvbtb.cn/Login,https://raw.githubusercontent.com/openphish/public_feed/refs/heads/main/feed.txt
https://yash8006.github.io/Clone2/,https://raw.githubusercontent.com/openphish/public_feed/refs/heads/main/feed.txt
https://www.adobe-clone.vercel.app/,https://raw.githubusercontent.com/openphish/public_feed/refs/heads/main/feed.txt
http://adobe-clone.vercel.app/,https://raw.githubusercontent.com/openphish/public_feed/refs/heads/main/feed.txt
https://dwppr.top/gov,https://raw.githubusercontent.com/openphish/public_feed/refs/heads/main/feed.txt
http://www.clt-coml.com/,https://raw.githubusercontent.com/openphish/public_feed/refs/heads/main/feed.txt
http://www.cltbnak.com/,https://raw.githubusercontent.com/openphish/public_feed/refs/heads/main/feed.txt
https://www.disney-hotstar-clone-mansi.vercel.app/,https://raw.githubusercontent.com/openphish/public_feed/refs/heads/main/feed.txt
http://disney-hotstar-clone-mansi.vercel.app/,https://raw.githubusercontent.com/openphish/public_feed/refs/heads/main/feed.txt
https://mj-api.kun-ai.com/blog/discord-update-september-13-2023-changelog,https://raw.githubusercontent.com/openphish/public_feed/refs/heads/main/feed.txt
http://u07b1.gobookroom.com/,https://raw.githubusercontent.com/openphish/public_feed/refs/heads/main/feed.txt
http://metimmiska9vlooggt.godaddysites.com/,https://raw.githubusercontent.com/openphish/public_feed/refs/heads/main/feed.txt
http://stripe485.pelicy.dpdns.org/,https://raw.githubusercontent.com/openphish/public_feed/refs/heads/main/feed.txt
http://collective834.operational.dpdns.org/,https://raw.githubusercontent.com/openphish/public_feed/refs/heads/main/feed.txt
http://reconnaissance11815.magalional.dpdns.org/,https://raw.githubusercontent.com/openphish/public_feed/refs/heads/main/feed.txt
https://balmy468.saccessful.dpdns.org/,https://raw.githubusercontent.com/openphish/public_feed/refs/heads/main/feed.txt
http://www.condone6454.registert.dpdns.org/,https://raw.githubusercontent.com/openphish/public_feed/refs/heads/main/feed.txt
http://2zgh4gpfg.magalional.dpdns.org/,https://raw.githubusercontent.com/openphish/public_feed/refs/heads/main/feed.txt
https://over1643.registert.dpdns.org/,https://raw.githubusercontent.com/openphish/public_feed/refs/heads/main/feed.txt
http://television1074.knowd.dpdns.org/,https://raw.githubusercontent.com/openphish/public_feed/refs/heads/main/feed.txt
http://3vx52bb.saccessful.dpdns.org/,https://raw.githubusercontent.com/openphish/public_feed/refs/heads/main/feed.txt
http://demur4177.additioisnt.dpdns.org/,https://raw.githubusercontent.com/openphish/public_feed/refs/heads/main/feed.txt
http://5mmw16v.saccessful.dpdns.org/,https://raw.githubusercontent.com/openphish/public_feed/refs/heads/main/feed.txt
http://www.71adgg06d.saccessful.dpdns.org/,https://raw.githubusercontent.com/openphish/public_feed/refs/heads/main/feed.txt
http://www.hundred548.magalional.dpdns.org/,https://raw.githubusercontent.com/openphish/public_feed/refs/heads/main/feed.txt
https://goalglide.ru.com/ces/cuno/,https://raw.githubusercontent.com/openphish/public_feed/refs/heads/main/feed.txt
https://www-usps-verification.onlynesvoc.dpdns.org/updae,https://raw.githubusercontent.com/openphish/public_feed/refs/heads/main/feed.txt
http://condone6454.registert.dpdns.org/,https://raw.githubusercontent.com/openphish/public_feed/refs/heads/main/feed.txt
http://www.collective834.operational.dpdns.org/,https://raw.githubusercontent.com/openphish/public_feed/refs/heads/main/feed.txt
http://desecrate329.magalional.dpdns.org/,https://raw.githubusercontent.com/openphish/public_feed/refs/heads/main/feed.txt
https://assertiveness6832.magalional.dpdns.org/,https://raw.githubusercontent.com/openphish/public_feed/refs/heads/main/feed.txt
http://bile3058.magalional.dpdns.org/,https://raw.githubusercontent.com/openphish/public_feed/refs/heads/main/feed.txt
https://shenproperties.com/klpgmqx/oeuzhka/iqe1rnl/llndaxru.html,https://raw.githubusercontent.com/openphish/public_feed/refs/heads/main/feed.txt
https://veeon.in/scm/ch/index.php,https://raw.githubusercontent.com/openphish/public_feed/refs/heads/main/feed.txt
https://45-79-149-117.cprapid.com/de/update.php?rffgyqp587kh1jqcew5n,https://raw.githubusercontent.com/openphish/public_feed/refs/heads/main/feed.txt
http://sso-ens-coinbase.wstd.io/,https://raw.githubusercontent.com/openphish/public_feed/refs/heads/main/feed.txt
http://upfoldinlogginex.godaddysites.com/,https://raw.githubusercontent.com/openphish/public_feed/refs/heads/main/feed.txt
https://www.robiox.com.py/users/200127223454/profile,https://raw.githubusercontent.com/openphish/public_feed/refs/heads/main/feed.txt
https://rectgular-motley-buffet10-20jtkonfirmasiii.pages.dev/robots.txt/,https://raw.githubusercontent.com/openphish/public_feed/refs/heads/main/feed.txt
https://gfffngbrhas1lltrimaajtt.pages.dev/,https://raw.githubusercontent.com/openphish/public_feed/refs/heads/main/feed.txt
https://trasaksi10jt-20jtteerpecayaclaimsekarngtunguapalagi.pages.dev/,https://raw.githubusercontent.com/openphish/public_feed/refs/heads/main/feed.txt
https://dna-btr10jtclqim.pages.dev/,https://raw.githubusercontent.com/openphish/public_feed/refs/heads/main/feed.txt
https://trasnnaksi10jt-20jtterpecayaclaimsekarngtunguapalagi.pages.dev/,https://raw.githubusercontent.com/openphish/public_feed/refs/heads/main/feed.txt
https://trasaksi10jt-20jtterepecayaclaimsekarngtunguapalagi.pages.dev/,https://raw.githubusercontent.com/openphish/public_feed/refs/heads/main/feed.txt
http://konfirmasi-segalanyaamandipakaidana10jt.pages.dev/,https://raw.githubusercontent.com/openphish/public_feed/refs/heads/main/feed.txt
https://szzzdpatyyban7aancrrfss.pages.dev/,https://raw.githubusercontent.com/openphish/public_feed/refs/heads/main/feed.txt
http://cl3x-jztz-csstomorr-idz-fyzz.pages.dev/robots.txt,https://raw.githubusercontent.com/openphish/public_feed/refs/heads/main/feed.txt
http://danagrtis10-20jtinekberbagi.pages.dev/robots.txt,https://raw.githubusercontent.com/openphish/public_feed/refs/heads/main/feed.txt
https://danagrtis10-20jtinekberbagi.pages.dev/robots.txt/,https://raw.githubusercontent.com/openphish/public_feed/refs/heads/main/feed.txt
https://ambildanageratis10-20jtkonfirmasisekarngjuga.pages.dev/,https://raw.githubusercontent.com/openphish/public_feed/refs/heads/main/feed.txt
http://danambil10-20jtgrtiskonfirmasiskrgjuga.pages.dev/robots.txt,https://raw.githubusercontent.com/openphish/public_feed/refs/heads/main/feed.txt
http://aktivasiclaimhadiah10juta.pages.dev/,https://raw.githubusercontent.com/openphish/public_feed/refs/heads/main/feed.txt
https://danasegalanyaamandipakaiedana10jt.pages.dev/,https://raw.githubusercontent.com/openphish/public_feed/refs/heads/main/feed.txt
http://penngembalian-saldodana-cqsrtumerpihak-sistemresmj.pages.dev/,https://raw.githubusercontent.com/openphish/public_feed/refs/heads/main/feed.txt
https://danaggrtis-ambil10-20jt-konfirmasiskrg.pages.dev/robots.txt/,https://raw.githubusercontent.com/openphish/public_feed/refs/heads/main/feed.txt
http://dana-kkoonfirmasicairkan10-20jtambil.pages.dev/,https://raw.githubusercontent.com/openphish/public_feed/refs/heads/main/feed.txt
http://ftoejakasffmmaktifpencairaan.pages.dev/,https://raw.githubusercontent.com/openphish/public_feed/refs/heads/main/feed.txt
https://dana-segalanya-aman-dipakai-dana10jt.pages.dev/,https://raw.githubusercontent.com/openphish/public_feed/refs/heads/main/feed.txt
https://t-mobile.ytrge.icu/pay/,https://raw.githubusercontent.com/openphish/public_feed/refs/heads/main/feed.txt
https://danambil10-20jtgrtiskonfirmasiskrgjuga.pages.dev/robots.txt/,https://raw.githubusercontent.com/openphish/public_feed/refs/heads/main/feed.txt
https://t-mobile.zfeyj.icu/a_index.html,https://raw.githubusercontent.com/openphish/public_feed/refs/heads/main/feed.txt
http://danaggrtis-ambil10-20jt-konfirmasiskrg.pages.dev/robots.txt,https://raw.githubusercontent.com/openphish/public_feed/refs/heads/main/feed.txt
http://dna-btr10jt-clam.pages.dev/,https://raw.githubusercontent.com/openphish/public_feed/refs/heads/main/feed.txt
https://t-mobile.qfert.icu/pay/,https://raw.githubusercontent.com/openphish/public_feed/refs/heads/main/feed.txt
https://t-mobile.wqewf.icu/pay/,https://raw.githubusercontent.com/openphish/public_feed/refs/heads/main/feed.txt
https://t-mobile.uygrg.icu/pay/,https://raw.githubusercontent.com/openphish/public_feed/refs/heads/main/feed.txt
https://t-mobile.uilko.icu/pay,https://raw.githubusercontent.com/openphish/public_feed/refs/heads/main/feed.txt
https://t-mobile.uyiuh.icu/pay/,https://raw.githubusercontent.com/openphish/public_feed/refs/heads/main/feed.txt
https://t-mobile.vreyu.icu/a_index.html,https://raw.githubusercontent.com/openphish/public_feed/refs/heads/main/feed.txt
https://t-mobile.uygbf.icu/pay?qr=p72uga,https://raw.githubusercontent.com/openphish/public_feed/refs/heads/main/feed.txt
https://t-mobile.uygbf.icu/pay/,https://raw.githubusercontent.com/openphish/public_feed/refs/heads/main/feed.txt
https://t-mobile.vcxvr.icu/pay/,https://raw.githubusercontent.com/openphish/public_feed/refs/heads/main/feed.txt
https://t-mobile.kiluy.icu/pay/,https://raw.githubusercontent.com/openphish/public_feed/refs/heads/main/feed.txt
https://t-mobile.opuyt.icu/pay,https://raw.githubusercontent.com/openphish/public_feed/refs/heads/main/feed.txt
https://t-mobile.kuyre.icu/pay?qr=gc13g4,https://raw.githubusercontent.com/openphish/public_feed/refs/heads/main/feed.txt
https://t-mobile.vkbgc.icu/pay/,https://raw.githubusercontent.com/openphish/public_feed/refs/heads/main/feed.txt
https://t-mobile.sdfht.icu/pay/,https://raw.githubusercontent.com/openphish/public_feed/refs/heads/main/feed.txt
https://t-mobile.kuyre.icu/pay/,https://raw.githubusercontent.com/openphish/public_feed/refs/heads/main/feed.txt
https://t-mobile.iyree.icu/pay?qr=sy50vk,https://raw.githubusercontent.com/openphish/public_feed/refs/heads/main/feed.txt
https://t-mobile.iyree.icu/a_index.html,https://raw.githubusercontent.com/openphish/public_feed/refs/heads/main/feed.txt
https://t-mobile.kuiht.icu/pay/,https://raw.githubusercontent.com/openphish/public_feed/refs/heads/main/feed.txt
https://t-mobile.tqsnc.icu/pay/,https://raw.githubusercontent.com/openphish/public_feed/refs/heads/main/feed.txt
https://t-mobile.ruqcs.icu/pay/,https://raw.githubusercontent.com/openphish/public_feed/refs/heads/main/feed.txt
https://t-mobile.iuyth.icu/pay?qr=nn58qv,https://raw.githubusercontent.com/openphish/public_feed/refs/heads/main/feed.txt
https://t-mobile.iuyth.icu/a_index.html,https://raw.githubusercontent.com/openphish/public_feed/refs/heads/main/feed.txt
https://t-mobile.peaqz.icu/pay/,https://raw.githubusercontent.com/openphish/public_feed/refs/heads/main/feed.txt
https://t-mobile.qlmxk.icu/pay/,https://raw.githubusercontent.com/openphish/public_feed/refs/heads/main/feed.txt
https://t-mobile.owgnp.icu/pay?qr=5e6fg8,https://raw.githubusercontent.com/openphish/public_feed/refs/heads/main/feed.txt
https://t-mobile.com-asf.com/QS36cfNt/,https://raw.githubusercontent.com/openphish/public_feed/refs/heads/main/feed.txt
https://t-mobile.fdhtk.icu/pay?qr=zdb8e4,https://raw.githubusercontent.com/openphish/public_feed/refs/heads/main/feed.txt
https://t-mobile.fdhtk.icu/pay/,https://raw.githubusercontent.com/openphish/public_feed/refs/heads/main/feed.txt
https://t-mobile.greth.icu/pay/,https://raw.githubusercontent.com/openphish/public_feed/refs/heads/main/feed.txt
https://t-mobile.kyfpu.icu/pay/,https://raw.githubusercontent.com/openphish/public_feed/refs/heads/main/feed.txt
https://t-mobile.com-asa.com/reuAgbJh/,https://raw.githubusercontent.com/openphish/public_feed/refs/heads/main/feed.txt
https://t-mobile.com-asg.com/O7EQp2rd/,https://raw.githubusercontent.com/openphish/public_feed/refs/heads/main/feed.txt
https://t-mobile.com-asi.com/jXhxKMmp/,https://raw.githubusercontent.com/openphish/public_feed/refs/heads/main/feed.txt
https://t-mobile.efwtr.icu/pay/,https://raw.githubusercontent.com/openphish/public_feed/refs/heads/main/feed.txt
https://t-mobile.eqpao.icu/pay?qr=xd3huy,https://raw.githubusercontent.com/openphish/public_feed/refs/heads/main/feed.txt
https://t-mobile.bgfhu.icu/a_index.html,https://raw.githubusercontent.com/openphish/public_feed/refs/heads/main/feed.txt
http://t-mobile.zfeyj.icu/pay?qr=k050rw,https://raw.githubusercontent.com/openphish/public_feed/refs/heads/main/feed.txt
http://t-mobile.vreyu.icu/pay?qr=mocln9,https://raw.githubusercontent.com/openphish/public_feed/refs/heads/main/feed.txt
http://t-mobile.vreyu.icu/pay?qr=a2lu82,https://raw.githubusercontent.com/openphish/public_feed/refs/heads/main/feed.txt
http://t-mobile.vreyu.icu/pay?qr=kw7e3s,https://raw.githubusercontent.com/openphish/public_feed/refs/heads/main/feed.txt
http://t-mobile.fsdre.icu/pay/c_pay.html,https://raw.githubusercontent.com/openphish/public_feed/refs/heads/main/feed.txt
http://t-mobile.rtgfd.icu/pay?qr=xscpko,https://raw.githubusercontent.com/openphish/public_feed/refs/heads/main/feed.txt
http://t-mobile.rtgfd.icu/pay,https://raw.githubusercontent.com/openphish/public_feed/refs/heads/main/feed.txt
http://t-mobile.htrki.icu/pay,https://raw.githubusercontent.com/openphish/public_feed/refs/heads/main/feed.txt
http://t-mobile.cxvth.icu/pay,https://raw.githubusercontent.com/openphish/public_feed/refs/heads/main/feed.txt
http://t-mobile.bgfhu.icu/pay?qr=og3147,https://raw.githubusercontent.com/openphish/public_feed/refs/heads/main/feed.txt
http://t-mobile.bgfhu.icu/pay?qr=d1lfyn,https://raw.githubusercontent.com/openphish/public_feed/refs/heads/main/feed.txt
http://t-mobile.sjuak.icu/pay/b_info.html,https://raw.githubusercontent.com/openphish/public_feed/refs/heads/main/feed.txt
http://t-mobile.cvrdj.icu/pay,https://raw.githubusercontent.com/openphish/public_feed/refs/heads/main/feed.txt
http://t-mobile.sehfy.icu/pay/d_sms.html,https://raw.githubusercontent.com/openphish/public_feed/refs/heads/main/feed.txt
http://t-mobile.slpih.icu/pay/,https://raw.githubusercontent.com/openphish/public_feed/refs/heads/main/feed.txt
http://t-mobile.xcrbj.icu/pay/,https://raw.githubusercontent.com/openphish/public_feed/refs/heads/main/feed.txt
http://t-mobile.mfvcr.icu/pay/a_shop.html,https://raw.githubusercontent.com/openphish/public_feed/refs/heads/main/feed.txt
http://t-mobile.unwov.icu/pay/a_login.html,https://raw.githubusercontent.com/openphish/public_feed/refs/heads/main/feed.txt
https://post.ch-zahlungssystem.sale/get/185229132,https://raw.githubusercontent.com/openphish/public_feed/refs/heads/main/feed.txt
http://t-mobile.alevb.icu/pay/,https://raw.githubusercontent.com/openphish/public_feed/refs/heads/main/feed.txt
http://advertisers-client-support-impersonation-harassment.pages.dev/welcome,https://raw.githubusercontent.com/openphish/public_feed/refs/heads/main/feed.txt
https://health-f2j9-tree-bnqn-good-9ra2.pages.dev/welcome?id=493021134240075&page_name=%E3%82%AD%E3%83%A3%E3%83%87%E3%83%A9%E3%83%83%E3%82%AF%E5%8D%9A%E5%A4%9A/%E3%82%B7%E3%83%9C%E3%83%AC%E3%83%BC%E5%8D%9A%E5%A4%9A/,https://raw.githubusercontent.com/openphish/public_feed/refs/heads/main/feed.txt
https://evora-node.pages.dev/favicon.ico/,https://raw.githubusercontent.com/openphish/public_feed/refs/heads/main/feed.txt
https://belvon-sytraq-biz-hylnox-vetra.pages.dev/heartily_welcome,https://raw.githubusercontent.com/openphish/public_feed/refs/heads/main/feed.txt
https://health-9j5u-tree-gesa-good-1iwb.pages.dev/welcome?id=110702611868661&page_name=HONOR%20Croatia/,https://raw.githubusercontent.com/openphish/public_feed/refs/heads/main/feed.txt
https://ravlin-pentix-biz16-hasrex-selkor-sp17ct12.pages.dev/,https://raw.githubusercontent.com/openphish/public_feed/refs/heads/main/feed.txt
https://dorpex-lantok-biz16-haslin-selmon-sp17ct12.pages.dev/,https://raw.githubusercontent.com/openphish/public_feed/refs/heads/main/feed.txt
https://health-93ii-tree-9sfd-good-ghlb.pages.dev/welcome?id=130698186785161,https://raw.githubusercontent.com/openphish/public_feed/refs/heads/main/feed.txt
https://jarlin-vorpex-biz16-havtor-selnik-sp17ct12.pages.dev/,https://raw.githubusercontent.com/openphish/public_feed/refs/heads/main/feed.txt
https://xelvix-parton-biz16-havtor-selvik-sp17ct12.pages.dev/,https://raw.githubusercontent.com/openphish/public_feed/refs/heads/main/feed.txt
https://jarvix-kentol-biz16-selpan-havrex-sp17ct12.pages.dev/,https://raw.githubusercontent.com/openphish/public_feed/refs/heads/main/feed.txt
https://ravvix-lentor-biz16-haslin-sorpex-sp17ct12.pages.dev/,https://raw.githubusercontent.com/openphish/public_feed/refs/heads/main/feed.txt
https://steanconmunnity.com/activation=VBUKHyMATx,https://raw.githubusercontent.com/openphish/public_feed/refs/heads/main/feed.txt
http://easybank-landing-page-six-phi.vercel.app/,https://raw.githubusercontent.com/openphish/public_feed/refs/heads/main/feed.txt
https://www.bdgdhsgj.duckdns.org/login,https://raw.githubusercontent.com/openphish/public_feed/refs/heads/main/feed.txt
https://www.bdgdhsgj.duckdns.org/,https://raw.githubusercontent.com/openphish/public_feed/refs/heads/main/feed.txt
https://us.ev8dji7v.workers.dev/,https://raw.githubusercontent.com/openphish/public_feed/refs/heads/main/feed.txt
http://files-box-online.netlify.app/,https://raw.githubusercontent.com/openphish/public_feed/refs/heads/main/feed.txt
http://rbfcu-star.azurewebsites.net/(S(vs5tsgeglfqvyvdu0djgzzkx))/Main/Login,https://raw.githubusercontent.com/openphish/public_feed/refs/heads/main/feed.txt
http://rbfcu-star.azurewebsites.net/(S(xfxiunprjg1os243vdkg04hp))/Main/Login,https://raw.githubusercontent.com/openphish/public_feed/refs/heads/main/feed.txt
https://rbfcu-star.azurewebsites.net/(S(vs5tsgeglfqvyvdu0djgzzkx))/Main/Login/,https://raw.githubusercontent.com/openphish/public_feed/refs/heads/main/feed.txt
https://rbfcu-star.azurewebsites.net/(S(xfxiunprjg1os243vdkg04hp))/Main/Login/,https://raw.githubusercontent.com/openphish/public_feed/refs/heads/main/feed.txt
http://rbfcu-star.azurewebsites.net/(S(0frqfzt5ewdwk12fsmx10ruo))/Main/Login,https://raw.githubusercontent.com/openphish/public_feed/refs/heads/main/feed.txt
https://uk.paying-ap.vip/i/,https://raw.githubusercontent.com/openphish/public_feed/refs/heads/main/feed.txt
https://lmoriw-iekascma-oqmmcq-213-cmakwe-fgacsax.pages.dev/uadmin/bower_components/bootstrap/docs/4.0/examples/internals/Apps/Profile.app.php/,https://raw.githubusercontent.com/openphish/public_feed/refs/heads/main/feed.txt
https://lmoriw-iekascma-oqmmcq-213-cmakwe-fgacsax.pages.dev/uadmin/bower_components/bootstrap/docs/4.0/examples/config/app.php/,https://raw.githubusercontent.com/openphish/public_feed/refs/heads/main/feed.txt
https://rbfcu-star.azurewebsites.net/(S(dfbu0ofbicjaruxrfio2cyxe))/Main/Login/,https://raw.githubusercontent.com/openphish/public_feed/refs/heads/main/feed.txt
http://rbfcu-star.azurewebsites.net/(S(d5z5trj3d4godhcc34pnt5lk))/Main/Login,https://raw.githubusercontent.com/openphish/public_feed/refs/heads/main/feed.txt
http://rbfcu-star.azurewebsites.net/(S(2z4dl2ceddwyezub2caw4fcy))/Main/Login,https://raw.githubusercontent.com/openphish/public_feed/refs/heads/main/feed.txt
https://rbfcu-star.azurewebsites.net/(S(baq1t2vx344wm1mdz4p0upuz))/Main/Login/,https://raw.githubusercontent.com/openphish/public_feed/refs/heads/main/feed.txt
https://rbfcu-star.azurewebsites.net/(S(my5nuf31e4j1j35hlsentbbj))/Main/Login/,https://raw.githubusercontent.com/openphish/public_feed/refs/heads/main/feed.txt
https://rbfcu-star.azurewebsites.net/(S(tbotrd4abbzwml51kbsvvxa1))/Main/Login/,https://raw.githubusercontent.com/openphish/public_feed/refs/heads/main/feed.txt
https://rbfcu-star.azurewebsites.net/(S(httkupziwzh15ztvaoxkvq1p))/Main/Login/,https://raw.githubusercontent.com/openphish/public_feed/refs/heads/main/feed.txt
https://rbfcu-star.azurewebsites.net/(S(rzdqfmosnjoljacda1xgodb5))/Main/Login/,https://raw.githubusercontent.com/openphish/public_feed/refs/heads/main/feed.txt
https://rbfcu-star.azurewebsites.net/(S(541brfz1oy2syotzwf3tb4fz))/Main/Login/,https://raw.githubusercontent.com/openphish/public_feed/refs/heads/main/feed.txt
https://rbfcu-star.azurewebsites.net/(S(cz2yxyscwgsijn5anyph343h))/Main/Login/,https://raw.githubusercontent.com/openphish/public_feed/refs/heads/main/feed.txt
https://rbfcu-star.azurewebsites.net/(S(dbajbzjsg2bfgxw41vxeblvs))/Main/Login/,https://raw.githubusercontent.com/openphish/public_feed/refs/heads/main/feed.txt
http://othobabd.com/wallet/recovery.php,https://raw.githubusercontent.com/openphish/public_feed/refs/heads/main/feed.txt
http://persevere-callous-83h0ngr13b1u35ky5.wasmer.app/47h0ngr17b1u35ky938.pdf?m=3mail@a.b.c0,https://raw.githubusercontent.com/openphish/public_feed/refs/heads/main/feed.txt
https://dpd-prtszu.cfd/ptr/,https://raw.githubusercontent.com/openphish/public_feed/refs/heads/main/feed.txt
http://mettumuskkkvlogue.godaddysites.com/,https://raw.githubusercontent.com/openphish/public_feed/refs/heads/main/feed.txt
https://www.bet63pp.com/egame/284,https://raw.githubusercontent.com/openphish/public_feed/refs/heads/main/feed.txt
https://www.bet63pp.com/egame,https://raw.githubusercontent.com/openphish/public_feed/refs/heads/main/feed.txt
https://www.bet73yy.com/egame/160,https://raw.githubusercontent.com/openphish/public_feed/refs/heads/main/feed.txt
https://www.bet63pp.com/egame/202,https://raw.githubusercontent.com/openphish/public_feed/refs/heads/main/feed.txt
https://www.bet63pp.com/fish/104,https://raw.githubusercontent.com/openphish/public_feed/refs/heads/main/feed.txt
https://www.bet63pp.com/egame/24,https://raw.githubusercontent.com/openphish/public_feed/refs/heads/main/feed.txt
https://www.bet73yy.com/egame/24,https://raw.githubusercontent.com/openphish/public_feed/refs/heads/main/feed.txt
https://www.bet73yy.com/egame/185,https://raw.githubusercontent.com/openphish/public_feed/refs/heads/main/feed.txt
https://www.bet63pp.com/egame/255,https://raw.githubusercontent.com/openphish/public_feed/refs/heads/main/feed.txt
https://www.bet73yy.com/poker/200,https://raw.githubusercontent.com/openphish/public_feed/refs/heads/main/feed.txt
https://www.bet73yy.com/poker/216,https://raw.githubusercontent.com/openphish/public_feed/refs/heads/main/feed.txt
https://www.bet63pp.com/poker/216,https://raw.githubusercontent.com/openphish/public_feed/refs/heads/main/feed.txt
https://www.bet73yy.com/egame/159,https://raw.githubusercontent.com/openphish/public_feed/refs/heads/main/feed.txt
https://www.bet63pp.com/fish,https://raw.githubusercontent.com/openphish/public_feed/refs/heads/main/feed.txt
https://www.bet63pp.com/lottery/79,https://raw.githubusercontent.com/openphish/public_feed/refs/heads/main/feed.txt
https://www.bet73yy.com/forgot,https://raw.githubusercontent.com/openphish/public_feed/refs/heads/main/feed.txt
https://www.bet63pp.com/about/payout,https://raw.githubusercontent.com/openphish/public_feed/refs/heads/main/feed.txt
https://www.bet73yy.com/sport/115,https://raw.githubusercontent.com/openphish/public_feed/refs/heads/main/feed.txt
https://y111p.xyz/,https://raw.githubusercontent.com/openphish/public_feed/refs/heads/main/feed.txt
http://methamaskeslugiysss.godaddysites.com/,https://raw.githubusercontent.com/openphish/public_feed/refs/heads/main/feed.txt
http://m-facebookk.com.vn/hpkx1zpoj0n?v,https://raw.githubusercontent.com/openphish/public_feed/refs/heads/main/feed.txt
https://corporaciondental.cl/tickett/Login.php/,https://raw.githubusercontent.com/openphish/public_feed/refs/heads/main/feed.txt
https://instagram.wthc.xyz/PTsxhOVlFb,https://raw.githubusercontent.com/openphish/public_feed/refs/heads/main/feed.txt
http://reportfraudceexternal.ciamlogin.com/946b4559-ea63-4134-9e5b-4cfb1674c243/login/,https://raw.githubusercontent.com/openphish/public_feed/refs/heads/main/feed.txt
http://metmski-logi-us.godaddysites.com/,https://raw.githubusercontent.com/openphish/public_feed/refs/heads/main/feed.txt
https://uilqi.sbs/,https://raw.githubusercontent.com/openphish/public_feed/refs/heads/main/feed.txt
http://www.mymts334493795.weebly.com/,https://raw.githubusercontent.com/openphish/public_feed/refs/heads/main/feed.txt
https://t2lr7.gobookroom.com/,https://raw.githubusercontent.com/openphish/public_feed/refs/heads/main/feed.txt
http://kucoinietlosginie.godaddysites.com/,https://raw.githubusercontent.com/openphish/public_feed/refs/heads/main/feed.txt
https://wall.let-app.sbs/restore/explore/sync.html,https://raw.githubusercontent.com/openphish/public_feed/refs/heads/main/feed.txt
http://get3928.davefolts.com/,https://raw.githubusercontent.com/openphish/public_feed/refs/heads/main/feed.txt
https://kucoinjologin.gitbook.io/,https://raw.githubusercontent.com/openphish/public_feed/refs/heads/main/feed.txt
https://devseven0.github.io/html-Netflix/,https://raw.githubusercontent.com/openphish/public_feed/refs/heads/main/feed.txt
https://www.robiox.com.py/users/245815941847/profile,https://raw.githubusercontent.com/openphish/public_feed/refs/heads/main/feed.txt
https://interbank.onl/,https://raw.githubusercontent.com/openphish/public_feed/refs/heads/main/feed.txt
https://easybank-landing-page-redo.vercel.app/,https://raw.githubusercontent.com/openphish/public_feed/refs/heads/main/feed.txt
https://dwppe.top/gov/,https://raw.githubusercontent.com/openphish/public_feed/refs/heads/main/feed.txt
http://pub-873fc6a3edb941c6a17f50911dfca518.r2.dev/dbm.html,https://raw.githubusercontent.com/openphish/public_feed/refs/heads/main/feed.txt
http://pub-2801359d2be54bfd8701132626efeb73.r2.dev/owoed.html,https://raw.githubusercontent.com/openphish/public_feed/refs/heads/main/feed.txt
http://pub-51f896deb233450089fc1a520e6ed957.r2.dev/kanehods.html,https://raw.githubusercontent.com/openphish/public_feed/refs/heads/main/feed.txt
http://pub-e1e4d0b4665d4d8996bf04516d898fb2.r2.dev/ddhjkindex.html,https://raw.githubusercontent.com/openphish/public_feed/refs/heads/main/feed.txt
http://tcaconnect.ac-page.com/toronto-construction-association-inc/,https://raw.githubusercontent.com/openphish/public_feed/refs/heads/main/feed.txt
http://pub-7d056bfeb6b04852801553620fe62c0a.r2.dev/brtw.html,https://raw.githubusercontent.com/openphish/public_feed/refs/heads/main/feed.txt
http://pub-a81aa4bbf83846b8a892985d5bbc3a6f.r2.dev/pppindex.html,https://raw.githubusercontent.com/openphish/public_feed/refs/heads/main/feed.txt
http://pub-db4d563e83a84e1ca7043c92ba3a1be2.r2.dev/bindex1.html,https://raw.githubusercontent.com/openphish/public_feed/refs/heads/main/feed.txt
http://pub-21beea42d44e4f0e83b5336b9ac3900a.r2.dev/woosf.html,https://raw.githubusercontent.com/openphish/public_feed/refs/heads/main/feed.txt
http://oefmred.cn/Login,https://raw.githubusercontent.com/openphish/public_feed/refs/heads/main/feed.txt
https://oefmred.cn/Login/,https://raw.githubusercontent.com/openphish/public_feed/refs/heads/main/feed.txt
http://81313.uk/,https://raw.githubusercontent.com/openphish/public_feed/refs/heads/main/feed.txt
https://www.robiox.com.py/users/107535758785/profile,https://raw.githubusercontent.com/openphish/public_feed/refs/heads/main/feed.txt
https://bellsouth-att-sign-in-08bbe2.webflow.io/,https://raw.githubusercontent.com/openphish/public_feed/refs/heads/main/feed.txt
https://serv18.pages.dev/-/zh/gp/most-gifted/books/13356/ref=zg_mg_nav_books_2_8373231011,https://raw.githubusercontent.com/openphish/public_feed/refs/heads/main/feed.txt
https://bellsouth-att-sign-in-fa4f00.webflow.io/,https://raw.githubusercontent.com/openphish/public_feed/refs/heads/main/feed.txt
http://bankeasily.vercel.app/,https://raw.githubusercontent.com/openphish/public_feed/refs/heads/main/feed.txt
https://pub-bf410a88ec67437fb183b22f87a37d63.r2.dev/index.html,https://raw.githubusercontent.com/openphish/public_feed/refs/heads/main/feed.txt
https://robinhood03authen.com/page/index.php,https://raw.githubusercontent.com/openphish/public_feed/refs/heads/main/feed.txt
https://serdtfngbfv3.pages.dev/dp/B00H3QQM6K/ref=zg_mg_g_16303441_d_sccl_8/140-0115874-9067561?psc=1,https://raw.githubusercontent.com/openphish/public_feed/refs/heads/main/feed.txt
https://pub-5129c5d81f084db8bec88b6bbafdc82f.r2.dev/index.html,https://raw.githubusercontent.com/openphish/public_feed/refs/heads/main/feed.txt
https://robinhlxd-lxgin.gitbook.io/,https://raw.githubusercontent.com/openphish/public_feed/refs/heads/main/feed.txt
https://ameen123shah.github.io/face-book-login/,https://raw.githubusercontent.com/openphish/public_feed/refs/heads/main/feed.txt
https://gaurav-sonawane09.github.io/Amazon-Clone/,https://raw.githubusercontent.com/openphish/public_feed/refs/heads/main/feed.txt
https://naser4737.github.io/InstaClone/,https://raw.githubusercontent.com/openphish/public_feed/refs/heads/main/feed.txt
https://webmail.freightinternationalservices.com/s/63BZGFSVBWSFCDX7Y9/584dd8/90eab167-7429-489f-99f6-ce86e8d0d81a,https://raw.githubusercontent.com/openphish/public_feed/refs/heads/main/feed.txt
https://anfasrhmnatr.github.io/netflix/,https://raw.githubusercontent.com/openphish/public_feed/refs/heads/main/feed.txt
https://ipfs.io/ipfs/bafkreidahi52c2frt5vc4xh6ibfnfzy6dnkr3zf5iklvodoceo2nrpwimu,https://raw.githubusercontent.com/openphish/public_feed/refs/heads/main/feed.txt
https://nellorenarasimharao333-spec.github.io/amazonclone/,https://raw.githubusercontent.com/openphish/public_feed/refs/heads/main/feed.txt
https://krishnendu-234.github.io/Netflix-Website-Clone/,https://raw.githubusercontent.com/openphish/public_feed/refs/heads/main/feed.txt
https://outstanding133.github.io/New-folder-AMAZON/,https://raw.githubusercontent.com/openphish/public_feed/refs/heads/main/feed.txt
https://lmoriw-iekascma-oqmmcq-213-cmakwe-fgacsax.pages.dev/uadmin/bower_components/bootstrap/docs/4.0/examples/internals/API/HttpRequest.class.php,https://raw.githubusercontent.com/openphish/public_feed/refs/heads/main/feed.txt
https://tuesdayfirst.pages.dev/mix,https://raw.githubusercontent.com/openphish/public_feed/refs/heads/main/feed.txt
https://instagram-login-16-4.vercel.app/,https://raw.githubusercontent.com/openphish/public_feed/refs/heads/main/feed.txt
https://accounts.maxweb.systems/,https://raw.githubusercontent.com/openphish/public_feed/refs/heads/main/feed.txt
https://steamcommunitty.cc/steambalance,https://raw.githubusercontent.com/openphish/public_feed/refs/heads/main/feed.txt
https://chandru797.github.io/netflixclone.com/,https://raw.githubusercontent.com/openphish/public_feed/refs/heads/main/feed.txt
https://help-web-coinbaselogin.wstd.io/,https://raw.githubusercontent.com/openphish/public_feed/refs/heads/main/feed.txt
https://mhjony420.github.io/Netflix-Clone/,https://raw.githubusercontent.com/openphish/public_feed/refs/heads/main/feed.txt
https://sso-auth-en-coinbase-pro.wstd.io/,https://raw.githubusercontent.com/openphish/public_feed/refs/heads/main/feed.txt
https://www.robiox.com.py/users/322194649705/profile,https://raw.githubusercontent.com/openphish/public_feed/refs/heads/main/feed.txt
http://bet63nn.com/about/responsible_gambling,https://raw.githubusercontent.com/openphish/public_feed/refs/heads/main/feed.txt
https://wherever-against-experiencing-washing.trycloudflare.com/227ea09d563433cc5e136e2016f9cda1d2a49c8698d4a5117e4cd3139819d275fe6309e5377e3384b2e9450ab34075c2177dc791/networksolutions/index.html,https://raw.githubusercontent.com/openphish/public_feed/refs/heads/main/feed.txt
http://f.digitalmaillane.com/igit/4/ecum8n5Ldw086m5gwqL0s7Lj1ue0dqLfqvLuskL3gLwLp,https://raw.githubusercontent.com/openphish/public_feed/refs/heads/main/feed.txt
https://bet63nn.com/sport/44/,https://raw.githubusercontent.com/openphish/public_feed/refs/heads/main/feed.txt
https://secure-web-ndxxa-cdns.typedream.app/,https://raw.githubusercontent.com/openphish/public_feed/refs/heads/main/feed.txt
https://abnamro.credit360.com/csr/site/login.acds/,https://raw.githubusercontent.com/openphish/public_feed/refs/heads/main/feed.txt
http://www.live-ledgerlive.vercel.app/,https://raw.githubusercontent.com/openphish/public_feed/refs/heads/main/feed.txt
https://eleyasahar.github.io/Netflixsahar/,https://raw.githubusercontent.com/openphish/public_feed/refs/heads/main/feed.txt
http://f.digitalmaillane.com/igit/4/7mb9fnbDp5mo9sbm2wD6ydDu8yn23Dlw1D0yqD9mD2Dv,https://raw.githubusercontent.com/openphish/public_feed/refs/heads/main/feed.txt
http://f.digitalmaillane.com/igit/4/3oo8hnnZ1a3piyhs82Zc4jZzdqj3mZr27Z44wZfsZ8Z1,https://raw.githubusercontent.com/openphish/public_feed/refs/heads/main/feed.txt
https://secure03robinhood.com/page/index.php,https://raw.githubusercontent.com/openphish/public_feed/refs/heads/main/feed.txt
https://advogadosbrasiliadf.com.br/cgi-bin-mail-plus/webmail_login.php,https://raw.githubusercontent.com/openphish/public_feed/refs/heads/main/feed.txt
https://notifyhubss.net/4475aa0c7uff814cefla7ea1896lae669804.html,https://raw.githubusercontent.com/openphish/public_feed/refs/heads/main/feed.txt
https://www.robiox.com.py/users/230788366378/profile,https://raw.githubusercontent.com/openphish/public_feed/refs/heads/main/feed.txt
https://eng-coinbasepro-us.typedream.app/,https://raw.githubusercontent.com/openphish/public_feed/refs/heads/main/feed.txt
https://indranilpaul15.github.io/Netflix-By-Indranil/,https://raw.githubusercontent.com/openphish/public_feed/refs/heads/main/feed.txt
https://meetbatra.github.io/netflix-clone/,https://raw.githubusercontent.com/openphish/public_feed/refs/heads/main/feed.txt
https://facebooklogin12732771.github.io/facebook_/index.html,https://raw.githubusercontent.com/openphish/public_feed/refs/heads/main/feed.txt
https://atom-moustiques.com/ch/ui/app/auth/flow/mycss-login/ext/geburtsdatum.html,https://raw.githubusercontent.com/openphish/public_feed/refs/heads/main/feed.txt
https://atom-moustiques.com/ch/ui/app/auth/flow/mycss-login/ext/nachricht.html?cmd=_informations&sess,https://raw.githubusercontent.com/openphish/public_feed/refs/heads/main/feed.txt
http://coinbase-pro-secure.wstd.io/,https://raw.githubusercontent.com/openphish/public_feed/refs/heads/main/feed.txt
https://ghostdotx.github.io/barclays/,https://raw.githubusercontent.com/openphish/public_feed/refs/heads/main/feed.txt
https://lzlwj.pages.dev/-/zh/gp/most-wished-for/lawn-garden/3480682011/ref=zg_mw_nav_lawn-garden_3_128068011,https://raw.githubusercontent.com/openphish/public_feed/refs/heads/main/feed.txt
https://uk.paying-dz.vip/i,https://raw.githubusercontent.com/openphish/public_feed/refs/heads/main/feed.txt
https://om2108.github.io/Netflix-clone/,https://raw.githubusercontent.com/openphish/public_feed/refs/heads/main/feed.txt
https://mbilalkhan704.github.io/netflix-clone/,https://raw.githubusercontent.com/openphish/public_feed/refs/heads/main/feed.txt
https://977776i.cleansite.info/,https://raw.githubusercontent.com/openphish/public_feed/refs/heads/main/feed.txt
https://www.977776i.cleansite.info/,https://raw.githubusercontent.com/openphish/public_feed/refs/heads/main/feed.txt
https://ipfs.io/ipfs/bafkreihl5t6uty3or2f2nuoi3ypj7ptbhalcwnxraxcesalaywcgvcqoxe,https://raw.githubusercontent.com/openphish/public_feed/refs/heads/main/feed.txt
https://45893652-80-20200609091754.webstarterz.com/1234/DHL_(www.topscript.xyz)/cmd-login=30055bc987091413d1307854d418711f/?reff=MTdlMmJmN2ZlZGU2YWYwNjNiMWNjNjBjZWQ2ZGIwNGU=,https://raw.githubusercontent.com/openphish/public_feed/refs/heads/main/feed.txt
https://coiin-base-pro--web.tem3.io/,https://raw.githubusercontent.com/openphish/public_feed/refs/heads/main/feed.txt
http://sadmatanza.com/css/Msk/MetaMask/,https://raw.githubusercontent.com/openphish/public_feed/refs/heads/main/feed.txt
http://discord-clone-project-gamma.vercel.app/,https://raw.githubusercontent.com/openphish/public_feed/refs/heads/main/feed.txt
https://intoxa.github.io/netflix/,https://raw.githubusercontent.com/openphish/public_feed/refs/heads/main/feed.txt
https://ojj.glq.mybluehost.me/dndndnd/dbn/@NORGE2/app/login.html,https://raw.githubusercontent.com/openphish/public_feed/refs/heads/main/feed.txt
https://sohaibamini970-max.github.io/CSS_PROJECT/,https://raw.githubusercontent.com/openphish/public_feed/refs/heads/main/feed.txt
https://shubhitiwariiii.github.io/Amazon-Clone/,https://raw.githubusercontent.com/openphish/public_feed/refs/heads/main/feed.txt
http://f.digitalmaillane.com/igit/4/4m7oj9kDydxxy3nye8Db3oDb4xg4Dj6cD9a2DlyDeD7,https://raw.githubusercontent.com/openphish/public_feed/refs/heads/main/feed.txt
http://www.robiox.com.py/users/339525327731/profile/,https://raw.githubusercontent.com/openphish/public_feed/refs/heads/main/feed.txt
https://www.a1legromall.top/,https://raw.githubusercontent.com/openphish/public_feed/refs/heads/main/feed.txt
https://dpd-prtsvu.cfd/ptr,https://raw.githubusercontent.com/openphish/public_feed/refs/heads/main/feed.txt
